@ITEM	HEAD	야구모자
@SHAPE	Piece_B0	1	1	0	10	-1.14464,0.6629998	-1.15454,0.8398002	-1.15358,1.0051901	-1.14177,1.1591705	-1.11909,1.3017503	-1.08556,1.4329195	-1.04116,1.5526901	-0.98591,1.6610503	-0.9198,1.758	-0.84283,1.84355	-0.755,1.9176906	-0.65632,1.9804196	-0.54677,2.03175	-0.42637,2.07167	-0.2951,2.1001902	-0.15298,2.1173	0,2.1229994	0.15298,2.1173	0.2951,2.1001902	0.42637,2.07167	0.54677,2.03175	0.65632,1.9804196	0.755,1.9176906	0.84283,1.84355	0.9198,1.758	0.98591,1.6610503	1.04116,1.5526901	1.08556,1.4329195	1.11909,1.3017503	1.14177,1.1591705	1.15358,1.0051901	1.15454,0.8398002	1.14464,0.6629998
@SHAPE	Piece_B0a	0	0	4	10	-1.14464,0.6629998	-1.15454,0.8398002	-1.15358,1.0051901	-1.14177,1.1591705	-1.11909,1.3017503	-1.08556,1.4329195	-1.04116,1.5526901	-0.98591,1.6610503	-0.9198,1.758	-0.84283,1.84355	-0.755,1.9176906	-0.65632,1.9804196	-0.54677,2.03175	-0.42637,2.07167	-0.2951,2.1001902	-0.15298,2.1173	0,2.1229994	0.15298,2.1173	0.2951,2.1001902	0.42637,2.07167	0.54677,2.03175	0.65632,1.9804196	0.755,1.9176906	0.84283,1.84355	0.9198,1.758	0.98591,1.6610503	1.04116,1.5526901	1.08556,1.4329195	1.11909,1.3017503	1.14177,1.1591705	1.15358,1.0051901	1.15454,0.8398002	1.14464,0.6629998
@SHAPE	Piece_F1	1	1	2	10	-1.03018,1.2104999	-0.9014,1.2404399	-0.77263,1.2663896	-0.64386,1.2883501	-0.51509,1.3063095	-0.38632,1.3202895	-0.25754,1.3302705	-0.12877,1.3362505	0,1.33825	0.12877,1.3362505	0.25754,1.3302705	0.38632,1.3202895	0.51509,1.3063095	0.64386,1.2883501	0.77263,1.2663896	0.9014,1.2404399	1.03018,1.2104999	1.06288,0.8089998	0.93002,0.83809006	0.79716,0.86328983	0.6643,0.88461965	0.53144,0.90207946	0.39858,0.91564983	0.26572,0.9253404	0.13286,0.93116003	0,0.93309987	-0.13286,0.93116003	-0.26572,0.9253404	-0.39858,0.91564983	-0.53144,0.90207946	-0.6643,0.88461965	-0.79716,0.86328983	-0.93002,0.83809006	-1.06288,0.8089998
@SHAPE	Piece_B2far	1	1	1	-1	-1.825,0.6629998	-1.59687,0.7271604	-1.36875,0.78277045	-1.14062,0.8298202	-0.9125,0.8683096	-0.68437,0.89824957	-0.45625,0.91964006	-0.22812,0.93247026	0,0.9367499	0.22812,0.93247026	0.45625,0.91964006	0.68437,0.89824957	0.9125,0.8683096	1.14062,0.8298202	1.36875,0.78277045	1.59687,0.7271604	1.825,0.6629998
@SHAPE	Piece_B2fa	0	0	4	-1	-1.825,0.6629998	-1.59687,0.7271604	-1.36875,0.78277045	-1.14062,0.8298202	-0.9125,0.8683096	-0.68437,0.89824957	-0.45625,0.91964006	-0.22812,0.93247026	0,0.9367499	0.22812,0.93247026	0.45625,0.91964006	0.68437,0.89824957	0.9125,0.8683096	1.14062,0.8298202	1.36875,0.78277045	1.59687,0.7271604	1.825,0.6629998
@SHAPE	Piece_B2near	1	1	1	10	1.825,0.6629998	1.59687,0.5774498	1.36875,0.5033103	1.14062,0.4405802	0.9125,0.38924977	0.68437,0.34932983	0.45625,0.32080954	0.22812,0.30369976	0,0.29800045	-0.22812,0.30369976	-0.45625,0.32080954	-0.68437,0.34932983	-0.9125,0.38924977	-1.14062,0.4405802	-1.36875,0.5033103	-1.59687,0.5774498	-1.825,0.6629998	-1.825,0.6629998
@SHAPE	Piece_B2na	0	0	4	10	1.825,0.6629998	1.59687,0.5774498	1.36875,0.5033103	1.14062,0.4405802	0.9125,0.38924977	0.68437,0.34932983	0.45625,0.32080954	0.22812,0.30369976	0,0.29800045	-0.22812,0.30369976	-0.45625,0.32080954	-0.68437,0.34932983	-0.9125,0.38924977	-1.14062,0.4405802	-1.36875,0.5033103	-1.59687,0.5774498	-1.825,0.6629998	-1.825,0.6629998
@SHAPE	Piece_H3	0	0	3	10	-0.69496,1.6849995	-0.66382,1.7169399	-0.63172,1.74705	-0.59867,1.7753395	-0.56466,1.8017997	-0.52968,1.8264402	-0.49375,1.8492503	-0.45687,1.8702399	-0.41902,1.8894	-0.38022,1.9067396	-0.34045,1.9222498	-0.29973003,1.9359405	-0.25805,1.9477996	-0.21542,1.9578403	-0.17182001,1.9660505	-0.12727,1.9724401	-0.08176,1.9770005
@ITEM	HEAD	털모자
@SHAPE	Piece_CB0	1	1	1	10	0.36339688,2.2719502	0.35101467,2.2083793	0.31471494,2.1491268	0.25695813,2.098247	0.18170641,2.0592148	0.09405661,2.0346653	0,2.0262935	-0.09405661,2.0346653	-0.18170641,2.0592148	-0.25695813,2.098247	-0.31471494,2.1491268	-0.35101467,2.2083793	-0.36339688,2.2719502	-0.35101467,2.3355322	-0.31471494,2.3947835	-0.25695813,2.4456654	-0.18170641,2.4846976	-0.09405661,2.5092473	0,2.517618	0.09405661,2.5092473	0.18170641,2.4846976	0.25695813,2.4456654	0.31471494,2.3947835	0.35101467,2.3355322
@SHAPE	Piece_B1	1	1	0	10	-0.90850013,1.0169604	-0.9049533,1.1559942	-0.8943126,1.2860634	-0.8765621,1.4071584	-0.8517179,1.5192877	-0.8197799,1.6224439	-0.780748,1.7166355	-0.73460644,1.8018495	-0.68137115,1.8781012	-0.621042,1.9453775	-0.55361897,2.003688	-0.4790863,2.0530148	-0.3974758,2.0933867	-0.30875552,2.1247842	-0.21292546,2.1472054	-0.11001763,2.160662	0,2.1651442	0.11001763,2.160662	0.21292546,2.1472054	0.30875552,2.1247842	0.3974758,2.0933867	0.4790863,2.0530148	0.55361897,2.003688	0.621042,1.9453775	0.68137115,1.8781012	0.73460644,1.8018495	0.780748,1.7166355	0.8197799,1.6224439	0.8517179,1.5192877	0.8765621,1.4071584	0.8943126,1.2860634	0.9049533,1.1559942	0.90850013,1.0169604
@SHAPE	Piece_H2	0	0	3	10	-0.5529959,1.7112125	-0.5374183,1.7406225	-0.52029103,1.7687895	-0.50161386,1.7957048	-0.48140302,1.8213553	-0.4596583,1.845764	-0.43634787,1.868921	-0.41150364,1.8908241	-0.3851256,1.9114743	-0.35719776,1.9308827	-0.32772022,1.9490274	-0.29670888,1.9659302	-0.26416373,1.9815694	-0.2300528,1.9959656	-0.19440813,2.00911	-0.15722968,2.0210018	-0.1185014,2.0316405
@SHAPE	Piece_B3	1	1	1	10	-1.5799975,0.9902607	-1.3825058,1.0184169	-1.184998,1.0428256	-0.9875065,1.0634769	-0.78999877,1.0803797	-0.59250706,1.0935134	-0.39499938,1.1029092	-0.19750768,1.1085359	0,1.1104162	0.19750768,1.1085359	0.39499938,1.1029092	0.59250706,1.0935134	0.78999877,1.0803797	0.9875065,1.0634769	1.184998,1.0428256	1.3825058,1.0184169	1.5799975,0.9902607	1.6031482,0.9534424	1.6231992,0.91640735	1.6401827,0.87916744	1.6540668,0.84172165	1.6648672,0.8040721	1.672584,0.7662047	1.6772176,0.7281347	1.6787512,0.6898566	1.6772176,0.65137476	1.672584,0.6126772	1.6648672,0.5737619	1.6540668,0.53465474	1.6401827,0.49532977	1.6231992,0.45579997	1.6031482,0.41605452	1.5799975,0.37610313	1.3825058,0.3479459	1.184998,0.32353726	0.9875065,0.30288696	0.78999877,0.28598416	0.59250706,0.27285165	0.39499938,0.2634547	0.19750768,0.25782692	0,0.25594884	-0.19750768,0.25782692	-0.39499938,0.2634547	-0.59250706,0.27285165	-0.78999877,0.28598416	-0.9875065,0.30288696	-1.184998,0.32353726	-1.3825058,0.3479459	-1.5799975,0.37610313	-1.6031482,0.41605452	-1.6231992,0.45579997	-1.6401827,0.49532977	-1.6540668,0.53465474	-1.6648672,0.5737619	-1.672584,0.6126772	-1.6772176,0.65137476	-1.6787512,0.6898566	-1.6772176,0.7281347	-1.672584,0.7662047	-1.6648672,0.8040721	-1.6540668,0.84172165	-1.6401827,0.87916744	-1.6231992,0.91640735	-1.6031482,0.9534424	-1.5799975,0.9902607
@SHAPE	Piece_S4	0	0	4	10	-1.2640045,0.77663875	-1.2245092,0.7547357	-1.184998,0.7357478	-1.145503,0.7196882	-1.1060079,0.7065437	-1.0664967,0.6963264	-1.0270016,0.68902534	-0.9875065,0.68464065	-0.94799536,0.68318194	-0.90850013,0.68464065	-0.869005,0.68902534	-0.8295099,0.6963264	-0.78999877,0.7065437	-0.7505036,0.7196882	-0.7110084,0.7357478	-0.67149734,0.7547357	-0.63200223,0.77663875	-0.59250706,0.7547357	-0.5529959,0.7357478	-0.5135008,0.7196882	-0.4740056,0.7065437	-0.43449453,0.6963264	-0.39499938,0.68902534	-0.3555042,0.68464065	-0.3159931,0.68318194	-0.27649796,0.68464065	-0.2370028,0.68902534	-0.19750768,0.6963264	-0.15799655,0.7065437	-0.1185014,0.7196882	-0.07900626,0.7357478	-0.039495144,0.7547357	0,0.77663875	0.039495144,0.7547357	0.07900626,0.7357478	0.1185014,0.7196882	0.15799655,0.7065437	0.19750768,0.6963264	0.2370028,0.68902534	0.27649796,0.68464065	0.3159931,0.68318194	0.3555042,0.68464065	0.39499938,0.68902534	0.43449453,0.6963264	0.4740056,0.7065437	0.5135008,0.7196882	0.5529959,0.7357478	0.59250706,0.7547357	0.63200223,0.77663875	0.67149734,0.7547357	0.7110084,0.7357478	0.7505036,0.7196882	0.78999877,0.7065437	0.8295099,0.6963264	0.869005,0.68902534	0.90850013,0.68464065	0.94799536,0.68318194	0.9875065,0.68464065	1.0270016,0.68902534	1.0664967,0.6963264	1.1060079,0.7065437	1.145503,0.7196882	1.184998,0.7357478	1.2245092,0.7547357	1.2640045,0.77663875
@ITEM	HEAD	중절모
@SHAPE	Piece_B0	1	1	0	10	-1.10448,0.69833016	-1.1185,0.90841055	-1.12605,1.1058505	-1.12713,1.29064	-1.12174,1.4627901	-1.10987,1.6222997	-1.09154,1.7691602	-1.06673,1.9033898	-1.03545,2.0249596	-0.9977,2.1338995	-0.95348,2.2301903	-0.90278,2.3138404	-0.84562,2.38485	-0.78198,2.4432096	-0.71187,2.4889295	-0.63529,2.52201	-0.55224,2.5424502	-0.51772,2.4740806	-0.48320997,2.41013	-0.44869,2.3505893	-0.41418,2.2954702	-0.37966,2.24475	-0.34515002,2.1984403	-0.31063,2.1565404	-0.27612,2.1190503	-0.2416,2.0859697	-0.20709,2.0573106	-0.17257,2.0330505	-0.13806,2.0132	-0.103539996,1.99777	-0.06903,1.9867399	-0.03451,1.9801302	0,1.9779195	0.03451,1.9801302	0.06903,1.9867399	0.103539996,1.99777	0.13806,2.0132	0.17257,2.0330505	0.20709,2.0573106	0.2416,2.0859697	0.27612,2.1190503	0.31063,2.1565404	0.34515002,2.1984403	0.37966,2.24475	0.41418,2.2954702	0.44869,2.3505893	0.48320997,2.41013	0.51772,2.4740806	0.55224,2.5424502	0.63529,2.52201	0.71187,2.4889295	0.78198,2.4432096	0.84562,2.38485	0.90278,2.3138404	0.95348,2.2301903	0.9977,2.1338995	1.03545,2.0249596	1.06673,1.9033898	1.09154,1.7691602	1.10987,1.6222997	1.12174,1.4627901	1.12713,1.29064	1.12605,1.1058505	1.1185,0.90841055	1.10448,0.69833016
@SHAPE	Piece_F1	1	1	1	10	-1.10448,1.2553302	-0.96641994,1.2835503	-0.82836,1.3080196	-0.69030005,1.3287197	-0.55224,1.3456496	-0.41418,1.3588201	-0.27612,1.3682301	-0.13806,1.3738794	0,1.3757597	0.13806,1.3738794	0.27612,1.3682301	0.41418,1.3588201	0.55224,1.3456496	0.69030005,1.3287197	0.82836,1.3080196	0.96641994,1.2835503	1.10448,1.2553302	1.13209,0.84886986	0.99058,0.8770997	0.84907,0.90156037	0.70756006,0.9222605	0.56605,0.9391904	0.42453,0.9523695	0.28302,0.9617795	0.14151,0.9674202	0,0.9693005	-0.14151,0.9674202	-0.28302,0.9617795	-0.42453,0.9523695	-0.56605,0.9391904	-0.70756006,0.9222605	-0.84907,0.90156037	-0.99058,0.8770997	-1.13209,0.84886986
@SHAPE	Piece_B2far	1	1	0	-1	-1.90075,0.69833016	-1.7745,0.7356698	-1.521,0.8006497	-1.2675,0.8556301	-1.014,0.9006197	-0.7605,0.93560976	-0.507,0.9606004	-0.2535,0.9755904	0,0.9805896	0.2535,0.9755904	0.507,0.9606004	0.7605,0.93560976	1.014,0.9006197	1.2675,0.8556301	1.521,0.8006497	1.7745,0.7356698	1.90075,0.69833016
@SHAPE	Piece_B2fa	0	0	4	-1	-1.90075,0.69833016	-1.7745,0.7356698	-1.521,0.8006497	-1.2675,0.8556301	-1.014,0.9006197	-0.7605,0.93560976	-0.507,0.9606004	-0.2535,0.9755904	0,0.9805896	0.2535,0.9755904	0.507,0.9606004	0.7605,0.93560976	1.014,0.9006197	1.2675,0.8556301	1.521,0.8006497	1.7745,0.7356698	1.90075,0.69833016
@SHAPE	Piece_B2near	1	1	0	10	1.90075,0.69833016	2.028,0.66070014	1.7745,0.5724896	1.521,0.4960396	1.2675,0.4313599	1.014,0.3784299	0.7605,0.33727017	0.507,0.3078699	0.2535,0.29023018	0,0.28434992	-0.2535,0.29023018	-0.507,0.3078699	-0.7605,0.33727017	-1.014,0.3784299	-1.2675,0.4313599	-1.521,0.4960396	-1.7745,0.5724896	-2.028,0.66070014	-1.90075,0.69833016
@SHAPE	Piece_B2na	0	0	4	10	1.90075,0.69833016	2.028,0.66070014	1.7745,0.5724896	1.521,0.4960396	1.2675,0.4313599	1.014,0.3784299	0.7605,0.33727017	0.507,0.3078699	0.2535,0.29023018	0,0.28434992	-0.2535,0.29023018	-0.507,0.3078699	-0.7605,0.33727017	-1.014,0.3784299	-1.2675,0.4313599	-1.521,0.4960396	-1.7745,0.5724896	-2.028,0.66070014	-1.90075,0.69833016
@SHAPE	Piece_H3	0	0	3	10	-0.73632,1.9026496	-0.7187,1.9486601	-0.70037,1.9926201	-0.68131,2.0345201	-0.66154,2.07436	-0.64104,2.1121404	-0.61983,2.1478696	-0.5979,2.18153	-0.57525,2.21314	-0.55188,2.2426898	-0.52779,2.2701795	-0.50298,2.29561	-0.47746,2.3189902	-0.45121002,2.3403006	-0.42425,2.3595605	-0.39656,2.3767602	-0.36816,2.3919096
@ITEM	HEAD	왕관
@SHAPE	Piece_BW	1	1	2	-1	-1.08063,0.8114999	-0.988,1.9229997	0.988,1.9229997	1.08063,0.8114999
@SHAPE	Piece_B0	1	1	0	10	-1.083,0.78300023	-0.969,2.1510005	-0.4845,1.4670004	0,2.3505006	0.4845,1.4670004	0.969,2.1510005	1.083,0.78300023
@SHAPE	Piece_B1	1	1	0	10	-1.1115,0.8114999	1.1115,0.8114999	1.1685,0.4409996	1.02244,0.41094044	0.87638,0.38488996	0.73031,0.3628503	0.58425,0.34480962	0.43819,0.33078954	0.29213,0.32076943	0.14606,0.31475046	0,0.31274992	-0.14606,0.31475046	-0.29213,0.32076943	-0.43819,0.33078954	-0.58425,0.34480962	-0.73031,0.3628503	-0.87638,0.38488996	-1.02244,0.41094044	-1.1685,0.4409996
@SHAPE	Piece_CF2	1	1	1	10	0.1596,0.6119999	0.15416,0.57068956	0.13822,0.5322001	0.11285,0.4991499	0.0798,0.47377998	0.04131,0.45783955	0,0.45240033	-0.04131,0.45783955	-0.0798,0.47377998	-0.11285,0.4991499	-0.13822,0.5322001	-0.15416,0.57068956	-0.1596,0.6119999	-0.15416,0.65331024	-0.13822,0.6917997	-0.11285,0.72484994	-0.0798,0.7502198	-0.04131,0.76616025	0,0.7715995	0.04131,0.76616025	0.0798,0.7502198	0.11285,0.72484994	0.13822,0.6917997	0.15416,0.65331024
@SHAPE	Piece_CF3	1	1	1	10	-0.5187,0.5892006	-0.52239,0.56117016	-0.53321,0.53505033	-0.55042,0.51261944	-0.57285,0.49540997	-0.59897,0.4845901	-0.627,0.48090002	-0.65503,0.4845901	-0.68115,0.49540997	-0.70358,0.51261944	-0.72079,0.53505033	-0.73160994,0.56117016	-0.73530006,0.5892006	-0.73160994,0.61722994	-0.72079,0.64334977	-0.70358,0.66577953	-0.68115,0.68299013	-0.65503,0.69381	-0.627,0.69750005	-0.59897,0.69381	-0.57285,0.68299013	-0.55042,0.66577953	-0.53321,0.64334977	-0.52239,0.61722994
@SHAPE	Piece_CF4	1	1	1	10	0.73530006,0.5892006	0.73160994,0.56117016	0.72079,0.53505033	0.70358,0.51261944	0.68115,0.49540997	0.65503,0.4845901	0.627,0.48090002	0.59897,0.4845901	0.57285,0.49540997	0.55042,0.51261944	0.53321,0.53505033	0.52239,0.56117016	0.5187,0.5892006	0.52239,0.61722994	0.53321,0.64334977	0.55042,0.66577953	0.57285,0.68299013	0.59897,0.69381	0.627,0.69750005	0.65503,0.69381	0.68115,0.68299013	0.70358,0.66577953	0.72079,0.64334977	0.73160994,0.61722994
@SHAPE	Piece_CB5	1	1	0	10	0.1482,2.2650003	0.14315,2.22664	0.12834,2.1908998	0.10479,2.16021	0.0741,2.1366596	0.03836,2.1218505	0,2.1168005	-0.03836,2.1218505	-0.0741,2.1366596	-0.10479,2.16021	-0.12834,2.1908998	-0.14315,2.22664	-0.1482,2.2650003	-0.14315,2.3033597	-0.12834,2.3391	-0.10479,2.3697908	-0.0741,2.39334	-0.03836,2.4081502	0,2.4132004	0.03836,2.4081502	0.0741,2.39334	0.10479,2.3697908	0.12834,2.3391	0.14315,2.3033597
@SHAPE	Piece_CB6	1	1	0	10	-0.8493,2.0655003	-0.85338,2.0345201	-0.86534,2.0056498	-0.88436,1.9808596	-0.90915,1.9618403	-0.93802,1.9498804	-0.969,1.9458002	-0.99998,1.9498804	-1.02885,1.9618403	-1.05364,1.9808596	-1.07266,2.0056498	-1.08462,2.0345201	-1.0887,2.0655003	-1.08462,2.0964797	-1.07266,2.12535	-1.05364,2.15014	-1.02885,2.1691594	-0.99998,2.1811204	-0.969,2.1852007	-0.93802,2.1811204	-0.90915,2.1691594	-0.88436,2.15014	-0.86534,2.12535	-0.85338,2.0964797
@SHAPE	Piece_CB7	1	1	0	10	1.0887,2.0655003	1.08462,2.0345201	1.07266,2.0056498	1.05364,1.9808596	1.02885,1.9618403	0.99998,1.9498804	0.969,1.9458002	0.93802,1.9498804	0.90915,1.9618403	0.88436,1.9808596	0.86534,2.0056498	0.85338,2.0345201	0.8493,2.0655003	0.85338,2.0964797	0.86534,2.12535	0.88436,2.15014	0.90915,2.1691594	0.93802,2.1811204	0.969,2.1852007	0.99998,2.1811204	1.02885,2.1691594	1.05364,2.15014	1.07266,2.12535	1.08462,2.0964797
@SHAPE	Piece_H8	0	0	3	10	-0.8265,1.7520006	-0.627,1.4670004
@ITEM	HEAD	베레모
@SHAPE	BeretBody	1	1	0	10	-1.33,0.3579996	-1.3691,0.44494975	-1.39891,0.5308097	-1.41941,0.6155805	-1.43063,0.6992503	-1.43254,0.7818298	-1.42516,0.86331046	-1.4084802,0.9436998	-1.3825,1.023	-1.34723,1.1012001	-1.3026599,1.1783102	-1.24879,1.2543299	-1.18563,1.3292497	-1.11316,1.4030803	-1.03141,1.4758099	-0.94035,1.5474504	-0.84,1.6180006	-0.73499995,1.6677705	-0.63,1.71206	-0.525,1.7508897	-0.42,1.7842499	-0.315,1.8121405	-0.21,1.8345605	-0.105,1.8515197	0,1.8629996	0.105,1.8690196	0.21,1.8695604	0.315,1.8646402	0.42,1.8542496	0.525,1.8383904	0.63,1.8170595	0.73499995,1.79027	0.84,1.758	0.94145,1.7126094	1.03578,1.6639395	1.12301,1.6119795	1.20313,1.5567498	1.2761298,1.49823	1.34203,1.4364405	1.40082,1.3713598	1.4525,1.3029999	1.49707,1.2313594	1.53453,1.1564395	1.56488,1.0782297	1.58813,0.99675006	1.60426,0.91198033	1.61328,0.8239399	1.6152,0.73261046	1.61,0.63800055	1.6327,0.53846943	1.64828,0.44986984	1.65676,0.37222016	1.65813,0.30549982	1.65238,0.24971962	1.63953,0.20486984	1.61957,0.17096996	1.5925,0.14800051	1.55832,0.13597012	1.5170301,0.13487014	1.46863,0.14472008	1.41313,0.16550043	1.35051,0.19721985	1.28078,0.23986968	1.20395,0.2934705	1.12,0.3579996
@SHAPE	BeretRim	1	1	1	10	-1.33,0.3579996	1.12,0.3579996	1.12,0.8180001	-1.42926,0.8180001
@SHAPE	BeretStem	0	0	0	10	-0.02463,1.7113003	0.035,2.2480001
@SHAPE	BeretHighlight	0	0	3	10	-1.05,1.1980003	-1.02293,1.2409297	-0.99422,1.2822206	-0.96387,1.3218696	-0.93188,1.3598702	-0.89824,1.3962399	-0.86297,1.43097	-0.82605,1.4640505	-0.7875,1.4955001	-0.7473,1.5253003	-0.70547,1.5534705	-0.66199,1.5799901	-0.61687994,1.6048702	-0.57012,1.6281204	-0.52172,1.6497201	-0.47167996,1.66968	-0.42,1.6880003
@ITEM	HEAD	밀짚모자
@SHAPE	StrawBrimFar	1	1	0	-1	-2.25,0.6850004	-1.96875,0.7728902	-1.6875,0.8490595	-1.40625,0.9135203	-1.125,0.9662498	-0.84375,1.0072697	-0.5625,1.0365605	-0.28125,1.0541396	0,1.0600003	0.28125,1.0541396	0.5625,1.0365605	0.84375,1.0072697	1.125,0.9662498	1.40625,0.9135203	1.6875,0.8490595	1.96875,0.7728902	2.25,0.6850004	1.96875,0.59710956	1.6875,0.52094024	1.40625,0.45647946	1.125,0.40374994	0.84375,0.36273003	0.5625,0.3334403	0.28125,0.31586018	0,0.3100005	-0.28125,0.31586018	-0.5625,0.3334403	-0.84375,0.36273003	-1.125,0.40374994	-1.40625,0.45647946	-1.6875,0.52094024	-1.96875,0.59710956
@SHAPE	StrawBrimFarArc	0	0	0	-1	-2.25,0.6850004	-1.96875,0.7728902	-1.6875,0.8490595	-1.40625,0.9135203	-1.125,0.9662498	-0.84375,1.0072697	-0.5625,1.0365605	-0.28125,1.0541396	0,1.0600003	0.28125,1.0541396	0.5625,1.0365605	0.84375,1.0072697	1.125,0.9662498	1.40625,0.9135203	1.6875,0.8490595	1.96875,0.7728902	2.25,0.6850004
@SHAPE	StrawBrimNear	1	1	0	10	-2.25,0.6850004	-1.96875,0.7728902	-1.6875,0.8490595	-1.40625,0.9135203	-1.125,0.9662498	-0.84375,1.0072697	-0.5625,1.0365605	-0.28125,1.0541396	0,1.0600003	0.28125,1.0541396	0.5625,1.0365605	0.84375,1.0072697	1.125,0.9662498	1.40625,0.9135203	1.6875,0.8490595	1.96875,0.7728902	2.25,0.6850004	1.96875,0.59710956	1.6875,0.52094024	1.40625,0.45647946	1.125,0.40374994	0.84375,0.36273003	0.5625,0.3334403	0.28125,0.31586018	0,0.3100005	-0.28125,0.31586018	-0.5625,0.3334403	-0.84375,0.36273003	-1.125,0.40374994	-1.40625,0.45647946	-1.6875,0.52094024	-1.96875,0.59710956
@SHAPE	StrawBrimNearArc	0	0	0	10	2.25,0.6850004	1.96875,0.59710956	1.6875,0.52094024	1.40625,0.45647946	1.125,0.40374994	0.84375,0.36273003	0.5625,0.3334403	0.28125,0.31586018	0,0.3100005	-0.28125,0.31586018	-0.5625,0.3334403	-0.84375,0.36273003	-1.125,0.40374994	-1.40625,0.45647946	-1.6875,0.52094024	-1.96875,0.59710956	-2.25,0.6850004
@SHAPE	StrawCrown	1	1	0	10	-1.2,0.6850004	-1.1953101,0.78950036	-1.18125,0.88768005	-1.15781,0.9795601	-1.125,1.0651296	-1.08281,1.1443896	-1.03125,1.2173501	-0.97031,1.284	-0.9,1.3443394	-0.82031,1.3983705	-0.73125,1.4460998	-0.63281,1.4875195	-0.525,1.52263	-0.40781,1.5514297	-0.28125,1.57393	-0.14531,1.5901197	0,1.6	0.14531,1.5901197	0.28125,1.57393	0.40781,1.5514297	0.525,1.52263	0.63281,1.4875195	0.73125,1.4460998	0.82031,1.3983705	0.9,1.3443394	0.97031,1.284	1.03125,1.2173501	1.08281,1.1443896	1.125,1.0651296	1.15781,0.9795601	1.18125,0.88768005	1.1953101,0.78950036	1.2,0.6850004
@SHAPE	StrawBand	1	1	1	10	-1.2,0.6850004	1.2,0.6850004	1.2,1.1449999	-1.2,1.1449999
@SHAPE	StrawHighlight	0	0	3	10	-0.675,1.1694095	-0.65098,1.1989496	-0.62578,1.2270201	-0.59941,1.2536104	-0.5718799,1.2787397	-0.54316,1.3023896	-0.51328,1.3245702	-0.48222998,1.3452898	-0.45,1.3645204	-0.4166,1.3822902	-0.38203,1.3985904	-0.34629,1.4134007	-0.30938002,1.42675	-0.27129,1.4386405	-0.23203002,1.4490398	-0.1916,1.4579805	-0.15,1.4654398
@ITEM	EYES	선글라스
@SHAPE	Piece_B0	1	1	2	8	-0.88156,0.28662032	-0.13562,0.28662032	-0.13154,0.28635046	-0.12778,0.28556043	-0.12434,0.28422964	-0.12121,0.28237972	-0.11841,0.27999985	-0.11592,0.27708033	-0.11374,0.2736395	-0.11189,0.26966983	-0.11035,0.26516047	-0.10913,0.26012984	-0.10823,0.25457036	-0.10765,0.2484701	-0.10739,0.24184965	-0.10744,0.23470034	-0.10781,0.22702001	-0.1085,0.21880974	-0.16953,-0.12024966	-0.17258,-0.13667995	-0.17663,-0.15203953	-0.18169,-0.1663403	-0.18775,-0.17958988	-0.19483002,-0.19176982	-0.20291,-0.20289963	-0.21199,-0.21295981	-0.22207999,-0.22196987	-0.23318002,-0.22992004	-0.24529,-0.23679951	-0.2584,-0.24262992	-0.27252,-0.24740046	-0.28764,-0.25111005	-0.30378,-0.25375974	-0.32091,-0.25535008	-0.33906,-0.25588003	-0.64421,-0.25588003	-0.66077,-0.25541025	-0.67653,-0.25401983	-0.69150007,-0.25170988	-0.70567,-0.24846034	-0.71904,-0.24429017	-0.73163,-0.23919019	-0.74341,-0.23316036	-0.75441,-0.22621046	-0.76461,-0.21832965	-0.77401,-0.20952009	-0.78262,-0.19979043	-0.79043,-0.18912011	-0.79745,-0.17753948	-0.80368,-0.16502033	-0.80911,-0.15158004	-0.81374,-0.13720989	-0.9019,0.21880974	-0.90341,0.22702001	-0.90455,0.23470034	-0.90532,0.24184965	-0.90571,0.2484701	-0.90574,0.25457036	-0.9054,0.26012984	-0.90467995,0.26516047	-0.90359,0.26966983	-0.90214,0.2736395	-0.90031004,0.27708033	-0.89811,0.27999985	-0.89554,0.28237972	-0.8926,0.28422964	-0.88929,0.28556043	-0.88561004,0.28635046	-0.88156,0.28662032
@SHAPE	Piece_B0rim	1	0	1	8	-0.88156,0.28662032	-0.13562,0.28662032	-0.13154,0.28635046	-0.12778,0.28556043	-0.12434,0.28422964	-0.12121,0.28237972	-0.11841,0.27999985	-0.11592,0.27708033	-0.11374,0.2736395	-0.11189,0.26966983	-0.11035,0.26516047	-0.10913,0.26012984	-0.10823,0.25457036	-0.10765,0.2484701	-0.10739,0.24184965	-0.10744,0.23470034	-0.10781,0.22702001	-0.1085,0.21880974	-0.16953,-0.12024966	-0.17258,-0.13667995	-0.17663,-0.15203953	-0.18169,-0.1663403	-0.18775,-0.17958988	-0.19483002,-0.19176982	-0.20291,-0.20289963	-0.21199,-0.21295981	-0.22207999,-0.22196987	-0.23318002,-0.22992004	-0.24529,-0.23679951	-0.2584,-0.24262992	-0.27252,-0.24740046	-0.28764,-0.25111005	-0.30378,-0.25375974	-0.32091,-0.25535008	-0.33906,-0.25588003	-0.64421,-0.25588003	-0.66077,-0.25541025	-0.67653,-0.25401983	-0.69150007,-0.25170988	-0.70567,-0.24846034	-0.71904,-0.24429017	-0.73163,-0.23919019	-0.74341,-0.23316036	-0.75441,-0.22621046	-0.76461,-0.21832965	-0.77401,-0.20952009	-0.78262,-0.19979043	-0.79043,-0.18912011	-0.79745,-0.17753948	-0.80368,-0.16502033	-0.80911,-0.15158004	-0.81374,-0.13720989	-0.9019,0.21880974	-0.90341,0.22702001	-0.90455,0.23470034	-0.90532,0.24184965	-0.90571,0.2484701	-0.90574,0.25457036	-0.9054,0.26012984	-0.90467995,0.26516047	-0.90359,0.26966983	-0.90214,0.2736395	-0.90031004,0.27708033	-0.89811,0.27999985	-0.89554,0.28237972	-0.8926,0.28422964	-0.88929,0.28556043	-0.88561004,0.28635046	-0.88156,0.28662032
@SHAPE	Piece_B1	1	1	2	8	0.88156,0.28662032	0.13562,0.28662032	0.13154,0.28635046	0.12778,0.28556043	0.12434,0.28422964	0.12121,0.28237972	0.11841,0.27999985	0.11592,0.27708033	0.11374,0.2736395	0.11189,0.26966983	0.11035,0.26516047	0.10913,0.26012984	0.10823,0.25457036	0.10765,0.2484701	0.10739,0.24184965	0.10744,0.23470034	0.10781,0.22702001	0.1085,0.21880974	0.16953,-0.12024966	0.17258,-0.13667995	0.17663,-0.15203953	0.18169,-0.1663403	0.18775,-0.17958988	0.19483002,-0.19176982	0.20291,-0.20289963	0.21199,-0.21295981	0.22207999,-0.22196987	0.23318002,-0.22992004	0.24529,-0.23679951	0.2584,-0.24262992	0.27252,-0.24740046	0.28764,-0.25111005	0.30378,-0.25375974	0.32091,-0.25535008	0.33906,-0.25588003	0.64421,-0.25588003	0.66077,-0.25541025	0.67653,-0.25401983	0.69150007,-0.25170988	0.70567,-0.24846034	0.71904,-0.24429017	0.73163,-0.23919019	0.74341,-0.23316036	0.75441,-0.22621046	0.76461,-0.21832965	0.77401,-0.20952009	0.78262,-0.19979043	0.79043,-0.18912011	0.79745,-0.17753948	0.80368,-0.16502033	0.80911,-0.15158004	0.81374,-0.13720989	0.9019,0.21880974	0.90341,0.22702001	0.90455,0.23470034	0.90532,0.24184965	0.90571,0.2484701	0.90574,0.25457036	0.9054,0.26012984	0.90467995,0.26516047	0.90359,0.26966983	0.90214,0.2736395	0.90031004,0.27708033	0.89811,0.27999985	0.89554,0.28237972	0.8926,0.28422964	0.88929,0.28556043	0.88561004,0.28635046	0.88156,0.28662032
@SHAPE	Piece_B1rim	1	0	1	8	0.88156,0.28662032	0.13562,0.28662032	0.13154,0.28635046	0.12778,0.28556043	0.12434,0.28422964	0.12121,0.28237972	0.11841,0.27999985	0.11592,0.27708033	0.11374,0.2736395	0.11189,0.26966983	0.11035,0.26516047	0.10913,0.26012984	0.10823,0.25457036	0.10765,0.2484701	0.10739,0.24184965	0.10744,0.23470034	0.10781,0.22702001	0.1085,0.21880974	0.16953,-0.12024966	0.17258,-0.13667995	0.17663,-0.15203953	0.18169,-0.1663403	0.18775,-0.17958988	0.19483002,-0.19176982	0.20291,-0.20289963	0.21199,-0.21295981	0.22207999,-0.22196987	0.23318002,-0.22992004	0.24529,-0.23679951	0.2584,-0.24262992	0.27252,-0.24740046	0.28764,-0.25111005	0.30378,-0.25375974	0.32091,-0.25535008	0.33906,-0.25588003	0.64421,-0.25588003	0.66077,-0.25541025	0.67653,-0.25401983	0.69150007,-0.25170988	0.70567,-0.24846034	0.71904,-0.24429017	0.73163,-0.23919019	0.74341,-0.23316036	0.75441,-0.22621046	0.76461,-0.21832965	0.77401,-0.20952009	0.78262,-0.19979043	0.79043,-0.18912011	0.79745,-0.17753948	0.80368,-0.16502033	0.80911,-0.15158004	0.81374,-0.13720989	0.9019,0.21880974	0.90341,0.22702001	0.90455,0.23470034	0.90532,0.24184965	0.90571,0.2484701	0.90574,0.25457036	0.9054,0.26012984	0.90467995,0.26516047	0.90359,0.26966983	0.90214,0.2736395	0.90031004,0.27708033	0.89811,0.27999985	0.89554,0.28237972	0.8926,0.28422964	0.88929,0.28556043	0.88561004,0.28635046	0.88156,0.28662032
@SHAPE	Piece_S2	0	0	1	8	-0.12206,0.2018495	-0.1068,0.21019958	-0.09155,0.21743016	-0.076290004,0.22354993	-0.06103,0.22855023	-0.04577,0.23245053	-0.03052,0.23523027	-0.01526,0.23690028	0,0.23744974	0.01526,0.23690028	0.03052,0.23523027	0.04577,0.23245053	0.06103,0.22855023	0.076290004,0.22354993	0.09155,0.21743016	0.1068,0.21019958	0.12206,0.2018495
@SHAPE	Piece_S3	0	0	1	8	-0.89512,0.2527096	-0.90996003,0.2501997	-0.92399,0.24688028	-0.9372,0.24277948	-0.94958,0.23787998	-0.96114,0.2321796	-0.97188,0.22569028	-0.9818,0.21840984	-0.9909,0.21032962	-0.99918,0.20146045	-1.00664,0.1917904	-1.01327,0.1813195	-1.01909,0.17007047	-1.02408,0.15800975	-1.02825,0.14516982	-1.0316,0.1315301	-1.03413,0.11708953
@SHAPE	Piece_S4	0	0	1	8	0.89512,0.2527096	0.90996003,0.2501997	0.92399,0.24688028	0.9372,0.24277948	0.94958,0.23787998	0.96114,0.2321796	0.97188,0.22569028	0.9818,0.21840984	0.9909,0.21032962	0.99918,0.20146045	1.00664,0.1917904	1.01327,0.1813195	1.01909,0.17007047	1.02408,0.15800975	1.02825,0.14516982	1.0316,0.1315301	1.03413,0.11708953
@SHAPE	Piece_H5	0	0	3	8	-0.74592996,0.15099049	-0.57640004,-0.06938956
@ITEM	EYES	동그란안경
@SHAPE	Piece_CB0glass	1	1	6	8	-0.08476001,0.049280036	-0.0969,-0.04286983	-0.13246,-0.12872978	-0.18904,-0.20245963	-0.26277,-0.25904018	-0.34863,-0.29461005	-0.44078,-0.30674013	-0.53292,-0.29461005	-0.61878,-0.25904018	-0.69252,-0.20245963	-0.7490901,-0.12872978	-0.78466,-0.04286983	-0.79679,0.049280036	-0.78466,0.14142016	-0.7490901,0.2272801	-0.69252,0.30101973	-0.61878,0.35758993	-0.53292,0.39315984	-0.44078,0.40528992	-0.34863,0.39315984	-0.26277,0.35758993	-0.18904,0.30101973	-0.13246,0.2272801	-0.0969,0.14142016
@SHAPE	Piece_CB0	1	0	0	8	-0.08476001,0.049280036	-0.0969,-0.04286983	-0.13246,-0.12872978	-0.18904,-0.20245963	-0.26277,-0.25904018	-0.34863,-0.29461005	-0.44078,-0.30674013	-0.53292,-0.29461005	-0.61878,-0.25904018	-0.69252,-0.20245963	-0.7490901,-0.12872978	-0.78466,-0.04286983	-0.79679,0.049280036	-0.78466,0.14142016	-0.7490901,0.2272801	-0.69252,0.30101973	-0.61878,0.35758993	-0.53292,0.39315984	-0.44078,0.40528992	-0.34863,0.39315984	-0.26277,0.35758993	-0.18904,0.30101973	-0.13246,0.2272801	-0.0969,0.14142016
@SHAPE	Piece_CB1glass	1	1	6	8	0.79679,0.049280036	0.78466,-0.04286983	0.7490901,-0.12872978	0.69252,-0.20245963	0.61878,-0.25904018	0.53292,-0.29461005	0.44078,-0.30674013	0.34863,-0.29461005	0.26277,-0.25904018	0.18904,-0.20245963	0.13246,-0.12872978	0.0969,-0.04286983	0.08476001,0.049280036	0.0969,0.14142016	0.13246,0.2272801	0.18904,0.30101973	0.26277,0.35758993	0.34863,0.39315984	0.44078,0.40528992	0.53292,0.39315984	0.61878,0.35758993	0.69252,0.30101973	0.7490901,0.2272801	0.78466,0.14142016
@SHAPE	Piece_CB1	1	0	0	8	0.79679,0.049280036	0.78466,-0.04286983	0.7490901,-0.12872978	0.69252,-0.20245963	0.61878,-0.25904018	0.53292,-0.29461005	0.44078,-0.30674013	0.34863,-0.29461005	0.26277,-0.25904018	0.18904,-0.20245963	0.13246,-0.12872978	0.0969,-0.04286983	0.08476001,0.049280036	0.0969,0.14142016	0.13246,0.2272801	0.18904,0.30101973	0.26277,0.35758993	0.34863,0.39315984	0.44078,0.40528992	0.53292,0.39315984	0.61878,0.35758993	0.69252,0.30101973	0.7490901,0.2272801	0.78466,0.14142016
@SHAPE	Piece_S2	0	0	0	8	-0.08816,0.089959666	-0.07714,0.10187951	-0.06612,0.112209536	-0.0551,0.1209595	-0.04408,0.12810989	-0.03306,0.13367046	-0.02204,0.13764013	-0.01102,0.14002973	0,0.14081977	0.01102,0.14002973	0.02204,0.13764013	0.03306,0.13367046	0.04408,0.12810989	0.0551,0.1209595	0.06612,0.112209536	0.07714,0.10187951	0.08816,0.089959666
@SHAPE	Piece_S3	0	0	0	8	-0.7934,0.15099049	-0.81659,0.15861014	-0.8387,0.16450015	-0.85971,0.16868006	-0.87965,0.17113036	-0.89849,0.17184995	-0.91626,0.17086051	-0.93293,0.16815013	-0.94852,0.16371012	-0.9630201,0.15755025	-0.9764401,0.14967051	-0.98877,0.14006983	-1.00001,0.12873954	-1.01017,0.1157002	-1.01925,0.10093017	-1.02723,0.084440276	-1.03413,0.06623051
@SHAPE	Piece_S4	0	0	0	8	0.7934,0.15099049	0.81659,0.15861014	0.8387,0.16450015	0.85971,0.16868006	0.87965,0.17113036	0.89849,0.17184995	0.91626,0.17086051	0.93293,0.16815013	0.94852,0.16371012	0.9630201,0.15755025	0.9764401,0.14967051	0.98877,0.14006983	1.00001,0.12873954	1.01017,0.1157002	1.01925,0.10093017	1.02723,0.084440276	1.03413,0.06623051
@SHAPE	Piece_H5	0	0	3	8	-0.61031,0.1849001	-0.59958,0.19519979	-0.58859,0.20493053	-0.57733,0.21405979	-0.56581,0.2226201	-0.55402,0.23058978	-0.54197,0.23797968	-0.52965,0.24478978	-0.51707,0.25102007	-0.50422,0.25665978	-0.49111,0.26171967	-0.47773,0.26619977	-0.46409,0.2700903	-0.45018,0.2734	-0.43601,0.2761299	-0.42157,0.27827024	-0.40687,0.2798395
@SHAPE	Piece_H6	0	0	3	8	0.27125,0.1849001	0.28198,0.19519979	0.29297,0.20493053	0.30423,0.21405979	0.31575003,0.2226201	0.32754,0.23058978	0.33959,0.23797968	0.35191,0.24478978	0.36449,0.25102007	0.37733996,0.25665978	0.39045,0.26171967	0.40383,0.26619977	0.41747,0.2700903	0.43137,0.2734	0.44555,0.2761299	0.45998,0.27827024	0.47468,0.2798395
@ITEM	EYES	고글
@SHAPE	Piece_B0	1	1	0	8	-0.71203,0.3205202	0.71203,0.3205202	0.72845,0.3198602	0.74381,0.31788024	0.75812,0.31455973	0.77136,0.30993006	0.78355,0.3039696	0.79467,0.2966805	0.80474,0.2880801	0.81374,0.2781402	0.82169,0.26688033	0.82858,0.2543005	0.8344,0.24039963	0.83917,0.22516035	0.84288,0.20860976	0.84553,0.19073053	0.84712,0.1715205	0.84765,0.15099049	0.84765,-0.15416037	0.84712,-0.17469038	0.84553,-0.19388957	0.84288,-0.21176988	0.83917,-0.22833022	0.8344,-0.24355975	0.82858,-0.25746986	0.82169,-0.27005023	0.81374,-0.28131008	0.80474,-0.29124022	0.79467,-0.29984984	0.78355,-0.30712974	0.77136,-0.3130902	0.75812,-0.31773016	0.74381,-0.32103983	0.72845,-0.32303008	0.71203,-0.32369006	-0.71203,-0.32369006	-0.72845,-0.32303008	-0.74381,-0.32103983	-0.75812,-0.31773016	-0.77136,-0.3130902	-0.78355,-0.30712974	-0.79467,-0.29984984	-0.80474,-0.29124022	-0.81374,-0.28131008	-0.82169,-0.27005023	-0.82858,-0.25746986	-0.8344,-0.24355975	-0.83917,-0.22833022	-0.84288,-0.21176988	-0.84553,-0.19388957	-0.84712,-0.17469038	-0.84765,-0.15416037	-0.84765,0.15099049	-0.84712,0.1715205	-0.84553,0.19073053	-0.84288,0.20860976	-0.83917,0.22516035	-0.8344,0.24039963	-0.82858,0.2543005	-0.82169,0.26688033	-0.81374,0.2781402	-0.80474,0.2880801	-0.79467,0.2966805	-0.78355,0.3039696	-0.77136,0.30993006	-0.75812,0.31455973	-0.74381,0.31788024	-0.72845,0.3198602	-0.71203,0.3205202
@SHAPE	Piece_CB1	1	1	1	8	-0.15258001,-0.001580065	-0.16066,-0.063009694	-0.18437,-0.12024966	-0.22209,-0.1694105	-0.27125,-0.20713048	-0.32849002,-0.23084012	-0.38992,-0.23892035	-0.45135,-0.23084012	-0.50859,-0.20713048	-0.55774,-0.1694105	-0.59546,-0.12024966	-0.61917,-0.063009694	-0.62726,-0.001580065	-0.61917,0.059849568	-0.59546,0.11708953	-0.55774,0.16623953	-0.50859,0.20395951	-0.45135,0.22767024	-0.38992,0.23576021	-0.32849002,0.22767024	-0.27125,0.20395951	-0.22209,0.16623953	-0.18437,0.11708953	-0.16066,0.059849568
@SHAPE	Piece_CB2	1	1	1	8	0.62726,-0.001580065	0.61917,-0.063009694	0.59546,-0.12024966	0.55774,-0.1694105	0.50859,-0.20713048	0.45135,-0.23084012	0.38992,-0.23892035	0.32849002,-0.23084012	0.27125,-0.20713048	0.22209,-0.1694105	0.18437,-0.12024966	0.16066,-0.063009694	0.15258001,-0.001580065	0.16066,0.059849568	0.18437,0.11708953	0.22209,0.16623953	0.27125,0.20395951	0.32849002,0.22767024	0.38992,0.23576021	0.45135,0.22767024	0.50859,0.20395951	0.55774,0.16623953	0.59546,0.11708953	0.61917,0.059849568
@SHAPE	Piece_S3	0	0	4	8	-0.06781,-0.001580065	0.06781,-0.001580065
@SHAPE	Piece_S4	0	0	0	8	-0.84765,0.13404001	-0.87022996,0.12722015	-0.89136,0.11947047	-0.9110199,0.11079962	-0.92924,0.101200014	-0.94598997,0.090669505	-0.96129006,0.07921024	-0.97513,0.066829816	-0.98751,0.053509798	-0.99844,0.03927946	-1.00791,0.024109537	-1.01592,0.008019534	-1.02248,-0.009000301	-1.02758,-0.02694997	-1.03122,-0.045819715	-1.0334,-0.06562038	-1.03413,-0.08634979	-1.0338,-0.102969736	-1.03281,-0.11892969	-1.03115,-0.13422966	-1.02883,-0.14885989	-1.02585,-0.16283014	-1.02221,-0.17615014	-1.01791,-0.18878959	-1.01294,-0.20077987	-1.00731,-0.21210042	-1.00102,-0.22276965	-0.99407,-0.23277023	-0.98645,-0.24209999	-0.97817,-0.25078005	-0.96923,-0.25878984	-0.9596301,-0.26614016	-0.94937,-0.27282998
@SHAPE	Piece_S5	0	0	0	8	0.84765,0.13404001	0.87022996,0.12722015	0.89136,0.11947047	0.9110199,0.11079962	0.92924,0.101200014	0.94598997,0.090669505	0.96129006,0.07921024	0.97513,0.066829816	0.98751,0.053509798	0.99844,0.03927946	1.00791,0.024109537	1.01592,0.008019534	1.02248,-0.009000301	1.02758,-0.02694997	1.03122,-0.045819715	1.0334,-0.06562038	1.03413,-0.08634979	1.0338,-0.102969736	1.03281,-0.11892969	1.03115,-0.13422966	1.02883,-0.14885989	1.02585,-0.16283014	1.02221,-0.17615014	1.01791,-0.18878959	1.01294,-0.20077987	1.00731,-0.21210042	1.00102,-0.22276965	0.99407,-0.23277023	0.98645,-0.24209999	0.97817,-0.25078005	0.96923,-0.25878984	0.9596301,-0.26614016	0.94937,-0.27282998
@SHAPE	Piece_H6	0	0	3	8	-0.50859,0.13404001	-0.49799,0.14015003	-0.4874,0.14574961	-0.4768,0.15084961	-0.46620998,0.15544024	-0.45561,0.15953997	-0.44502,0.16313033	-0.43442,0.16621026	-0.42382,0.16880035	-0.41323,0.17087026	-0.40263,0.17245033	-0.39204,0.17351995	-0.38144,0.17409	-0.37085,0.17416044	-0.36025,0.17372045	-0.34966,0.17277978	-0.33906,0.17133951
@ITEM	EYES	외알안경
@SHAPE	Piece_ExposedEye	1	1	5	8	-0.38807,0.10700009	-0.4111,0.1929695	-0.47403,0.25590008	-0.56,0.27893025	-0.64597,0.25590008	-0.7089,0.1929695	-0.73193,0.10700009	-0.7089,0.021029603	-0.64597,-0.041899897	-0.56,-0.06493005	-0.47403,-0.041899897	-0.4111,0.021029603
@SHAPE	Piece_CB0glass	1	1	6	8	0.13618,0.1849001	0.15062001,0.07521023	0.19296,-0.027009575	0.26031,-0.11478987	0.34809002,-0.18213987	0.45031,-0.22447976	0.56,-0.23892035	0.66969,-0.22447976	0.77191,-0.18213987	0.85969,-0.11478987	0.92704,-0.027009575	0.96938,0.07521023	0.98382,0.1849001	0.96938,0.29459	0.92704,0.3968098	0.85969,0.4845901	0.77191,0.5519401	0.66969,0.59428	0.56,0.6087303	0.45031,0.59428	0.34809002,0.5519401	0.26031,0.4845901	0.19296,0.3968098	0.15062001,0.29459
@SHAPE	Piece_CB0	1	0	0	8	0.13618,0.1849001	0.15062001,0.07521023	0.19296,-0.027009575	0.26031,-0.11478987	0.34809002,-0.18213987	0.45031,-0.22447976	0.56,-0.23892035	0.66969,-0.22447976	0.77191,-0.18213987	0.85969,-0.11478987	0.92704,-0.027009575	0.96938,0.07521023	0.98382,0.1849001	0.96938,0.29459	0.92704,0.3968098	0.85969,0.4845901	0.77191,0.5519401	0.66969,0.59428	0.56,0.6087303	0.45031,0.59428	0.34809002,0.5519401	0.26031,0.4845901	0.19296,0.3968098	0.15062001,0.29459
@SHAPE	Piece_H1	0	0	3	8	0.78039,0.38834053	0.76959,0.3990596	0.7584,0.40920973	0.74681,0.4187703	0.73483,0.42775002	0.72244,0.43614995	0.70966,0.4439603	0.69648004,0.45118982	0.68290997,0.45783955	0.66894,0.46390945	0.65457004,0.46938983	0.6398,0.47429043	0.62463,0.47861013	0.60907,0.48235005	0.59311,0.48550043	0.57675,0.48806992	0.56,0.4900499
@SHAPE	Piece_S2	0	0	0	8	0.91601,-0.06938956	0.94289994,-0.105349585	0.96846,-0.14117956	0.9927,-0.17686974	1.01561,-0.21243963	1.0372,-0.24785995	1.05746,-0.28316	1.0764,-0.31832024	1.09402,-0.35336018	1.11031,-0.38825977	1.12528,-0.42302012	1.13892,-0.45766017	1.15124,-0.4921599	1.16223,-0.5265301	1.1719,-0.5607703	1.18024,-0.5948701	1.18726,-0.62883985
@SHAPE	Piece_CB3	1	1	1	8	1.37615,-0.76056015	1.37029,-0.71605986	1.35311,-0.67459023	1.32579,-0.63899	1.29018,-0.6116602	1.24871,-0.59449023	1.20421,-0.58863	1.15971,-0.59449023	1.11825,-0.6116602	1.08264,-0.63899	1.05532,-0.67459023	1.03814,-0.71605986	1.03228,-0.76056015	1.03814,-0.8050599	1.05532,-0.8465301	1.08264,-0.8821303	1.11825,-0.9094601	1.15971,-0.9266301	1.20421,-0.93248975	1.24871,-0.9266301	1.29018,-0.9094601	1.32579,-0.8821303	1.35311,-0.8465301	1.37029,-0.8050599
@ITEM	EYES	뿔테안경
@SHAPE	BrowlineBar	1	1	1	8	-1.06,0.14000048	-0.98,0.5799998	0.98,0.5599997	1.06,0.12000041	0.24,0.10000034	-0.24,0.12000041
@SHAPE	BrowlineLensBack	1	1	0	8	-0.24,0.12000041	-1.06,0.14000048	-0.98,-0.32	-0.44,-0.50000006
@SHAPE	BrowlineLensFront	1	1	0	8	0.24,0.10000034	0.44,-0.52000016	1,-0.34000006	1.06,0.12000041
@ITEM	EYES	안대
@SHAPE	PatchCover	1	1	0	8	0.24,0.4400004	1,0.3607999	0.94,-0.43999988	0.28,-0.3607999
@SHAPE	PatchStrap	0	0	0	8	-0.36553526,0.9522525	0.24,0.4400004	0.28,-0.3607999	-0.3655351,-0.9522519
@SHAPE	PatchEye	1	1	1	8	-0.29,0	-0.33421162,0.16499975	-0.455,0.28578803	-0.62,0.3299995	-0.785,0.28578803	-0.90578836,0.16499975	-0.95,0	-0.90578836,-0.16499975	-0.78499997,-0.28578857	-0.62,-0.33000004	-0.45500004,-0.28578857	-0.3342116,-0.16499975
@ITEM	NECK	나비넥타이
@SHAPE	Piece_B0	1	1	0	7	-0.09536,-1.65957	-0.82010007,-1.2209101	-0.83165,-1.21443	-0.84245,-1.2092899	-0.85251,-1.2054899	-0.86182,-1.2030299	-0.87039,-1.20192	-0.87821,-1.2021401	-0.88529,-1.2037001	-0.89162,-1.2066098	-0.89721,-1.2108597	-0.90205,-1.2164397	-0.90615,-1.2233702	-0.9095,-1.2316401	-0.91211,-1.2412499	-0.91397,-1.2521999	-0.91509,-1.2644995	-0.91546005,-1.27813	-0.91546005,-2.04101	-0.91509,-2.05465	-0.91397,-2.0669396	-0.91211,-2.07789	-0.9095,-2.0874999	-0.90615,-2.09577	-0.90205,-2.1027002	-0.89721,-2.10829	-0.89162,-2.11253	-0.88529,-2.11544	-0.87821,-2.1169999	-0.87039,-2.1172297	-0.86182,-2.11611	-0.85251,-2.11365	-0.84245,-2.10985	-0.83165,-2.1047099	-0.82010007,-2.09823
@SHAPE	Piece_B1	1	1	0	7	0.09536,-1.65957	0.82010007,-1.2209101	0.83165,-1.21443	0.84245,-1.2092899	0.85251,-1.2054899	0.86182,-1.2030299	0.87039,-1.20192	0.87821,-1.2021401	0.88529,-1.2037001	0.89162,-1.2066098	0.89721,-1.2108597	0.90205,-1.2164397	0.90615,-1.2233702	0.9095,-1.2316401	0.91211,-1.2412499	0.91397,-1.2521999	0.91509,-1.2644995	0.91546005,-1.27813	0.91546005,-2.04101	0.91509,-2.05465	0.91397,-2.0669396	0.91211,-2.07789	0.9095,-2.0874999	0.90615,-2.09577	0.90205,-2.1027002	0.89721,-2.10829	0.89162,-2.11253	0.88529,-2.11544	0.87821,-2.1169999	0.87039,-2.1172297	0.86182,-2.11611	0.85251,-2.11365	0.84245,-2.10985	0.83165,-2.1047099	0.82010007,-2.09823
@SHAPE	Piece_RB2	1	1	1	7	0.05722,-1.4116298	0.09177,-1.4161798	0.12397,-1.4295199	0.15162,-1.4507402	0.17283,-1.4783902	0.18617,-1.5105898	0.19072,-1.5451399	0.19072,-1.774	0.18617,-1.8085599	0.17283,-1.84076	0.15162,-1.86841	0.12397,-1.8896201	0.09177,-1.9029601	0.05722,-1.9075102	-0.05722,-1.9075102	-0.09177,-1.9029601	-0.12397,-1.8896201	-0.15162,-1.86841	-0.17283,-1.84076	-0.18617,-1.8085599	-0.19072,-1.774	-0.19072,-1.5451399	-0.18617,-1.5105898	-0.17283,-1.4783902	-0.15162,-1.4507402	-0.12397,-1.4295199	-0.09177,-1.4161798	-0.05722,-1.4116298
@SHAPE	Piece_H3	0	0	3	7	-0.7247401,-1.3544202	-0.7247401,-1.5832798
@ITEM	NECK	줄무늬타이
@SHAPE	Piece_B0	1	1	0	7	-0.26701,-1.30018	0.26701,-1.30018	0.1335,-1.7197701	-0.1335,-1.7197701
@SHAPE	Piece_B1	1	1	0	7	-0.12969,-1.7197701	0.12969,-1.7197701	0.24794,-2.6161606	0,-3.1311002	-0.24794,-2.6161606
@SHAPE	Piece_F2	1	1	1	7	-0.17546,-2.0439901	0.16021,-1.9677	0.17546,-2.1164699	-0.16021,-2.1927497
@SHAPE	Piece_F3	1	1	1	7	-0.13732,-2.3682203	0.19835,-2.2919297	0.21361,-2.44069	-0.12206,-2.5169802
@SHAPE	Piece_H4	0	0	3	7	-0.1335,-1.41461	-0.076290004,-1.6053298
@ITEM	NECK	목도리
@SHAPE	Piece_B0	1	1	0	7	-0.83917,-1.47084	-0.73428,-1.5267199	-0.62938,-1.57514	-0.52448,-1.6161199	-0.41958997,-1.6496398	-0.31469,-1.6757201	-0.20979,-1.6943401	-0.1049,-1.7055197	0,-1.7092402	0.1049,-1.7055197	0.20979,-1.6943401	0.31469,-1.6757201	0.41958997,-1.6496398	0.52448,-1.6161199	0.62938,-1.57514	0.73428,-1.5267199	0.83917,-1.47084	0.83917,-1.7950697	0.73428,-1.8509399	0.62938,-1.8993703	0.52448,-1.9403404	0.41958997,-1.9738702	0.31469,-1.9999402	0.20979,-2.01857	0.1049,-2.0297403	0,-2.03347	-0.1049,-2.0297403	-0.20979,-2.01857	-0.31469,-1.9999402	-0.41958997,-1.9738702	-0.52448,-1.9403404	-0.62938,-1.8993703	-0.73428,-1.8509399	-0.83917,-1.7950697
@SHAPE	Piece_B1	1	1	0	7	0.28608,-2.0620801	0.31573,-2.10745	0.34269997,-2.15297	0.36699,-2.1986399	0.38859,-2.2444499	0.40752,-2.29042	0.42376,-2.33654	0.43732,-2.3827996	0.44819,-2.4292102	0.45639,-2.4757798	0.4619,-2.5224903	0.46473,-2.5693502	0.46488,-2.61636	0.46235,-2.6635203	0.45713,-2.7108302	0.44924,-2.7582798	0.43865997,-2.8058898	0.076290004,-2.7296002	0.09208,-2.6887698	0.10609,-2.64735	0.11831,-2.60533	0.12874,-2.56272	0.13738,-2.51951	0.14423,-2.4756994	0.1493,-2.4313	0.15258001,-2.3863	0.15407,-2.3407102	0.15377,-2.29452	0.15168,-2.2477303	0.14781,-2.2003498	0.14215,-2.1523697	0.1347,-2.1038	0.12546,-2.05463	0.11443,-2.0048597
@SHAPE	Piece_S2	0	0	1	7	0.08773,-2.75249	0.03814,-2.9393902
@SHAPE	Piece_S3	0	0	1	7	0.22887,-2.783	0.19072,-2.95847
@SHAPE	Piece_S4	0	0	1	7	0.38144,-2.7906299	0.36618003,-2.95847
@SHAPE	Piece_H5	0	0	3	7	-0.64845,-1.64249	-0.62461,-1.65702	-0.60077,-1.67104	-0.5769299,-1.6845497	-0.55309,-1.6975598	-0.52925,-1.71006	-0.50541,-1.72206	-0.48157,-1.7335398	-0.45773003,-1.7445298	-0.43389,-1.7550002	-0.41005003,-1.76497	-0.38621,-1.7744303	-0.36237004,-1.7833899	-0.33853,-1.79183	-0.31469,-1.7997801	-0.29085,-1.8072101	-0.26701,-1.81414
@ITEM	NECK	방울목걸이
@SHAPE	Piece_S0	0	0	0	7	-0.80103,-1.3945498	-0.7009,-1.4884201	-0.60077,-1.5697799	-0.50064,-1.63862	-0.40051,-1.6949399	-0.30039,-1.7387401	-0.20026,-1.7700298	-0.10013,-1.7888101	0,-1.7950697	0.10013,-1.7888101	0.20026,-1.7700298	0.30039,-1.7387401	0.40051,-1.6949399	0.50064,-1.63862	0.60077,-1.5697799	0.7009,-1.4884201	0.80103,-1.3945498
@SHAPE	Piece_CF1	1	1	1	7	-0.39289,-1.7378498	-0.39509,-1.7546302	-0.40157,-1.7702699	-0.41188,-1.7836999	-0.42531,-1.7940099	-0.44095,-1.80049	-0.45773003,-1.8027003	-0.47451,-1.80049	-0.49015,-1.7940099	-0.50358,-1.7836999	-0.51389,-1.7702699	-0.52037,-1.7546302	-0.52258,-1.7378498	-0.52037,-1.72107	-0.51389,-1.7054298	-0.50358,-1.6920003	-0.49015,-1.6816897	-0.47451,-1.6752102	-0.45773003,-1.6730102	-0.44095,-1.6752102	-0.42531,-1.6816897	-0.41188,-1.6920003	-0.40157,-1.7054298	-0.39509,-1.72107
@SHAPE	Piece_CF2	1	1	1	7	0.06485,-1.9476397	0.06264,-1.9644299	0.05616,-1.9800701	0.04585,-1.9935001	0.03242,-2.0038	0.01678,-2.01028	0,-2.0124903	-0.01678,-2.01028	-0.03242,-2.0038	-0.04585,-1.9935001	-0.05616,-1.9800701	-0.06264,-1.9644299	-0.06485,-1.9476397	-0.06264,-1.9308599	-0.05616,-1.9152197	-0.04585,-1.9017903	-0.03242,-1.89149	-0.01678,-1.8850099	0,-1.8828002	0.01678,-1.8850099	0.03242,-1.89149	0.04585,-1.9017903	0.05616,-1.9152197	0.06264,-1.9308599
@SHAPE	Piece_CF3	1	1	1	7	0.52258,-1.7378498	0.52037,-1.7546302	0.51389,-1.7702699	0.50358,-1.7836999	0.49015,-1.7940099	0.47451,-1.80049	0.45773003,-1.8027003	0.44095,-1.80049	0.42531,-1.7940099	0.41188,-1.7836999	0.40157,-1.7702699	0.39509,-1.7546302	0.39289,-1.7378498	0.39509,-1.72107	0.40157,-1.7054298	0.41188,-1.6920003	0.42531,-1.6816897	0.44095,-1.6752102	0.45773003,-1.6730102	0.47451,-1.6752102	0.49015,-1.6816897	0.50358,-1.6920003	0.51389,-1.7054298	0.52037,-1.72107
@SHAPE	Piece_B4	1	1	1	7	0,-2.0048597	-0.0371,-2.0085802	-0.07212,-2.0149903	-0.10505,-2.02408	-0.13589,-2.0358498	-0.16465,-2.05031	-0.19132,-2.0674403	-0.21589999,-2.0872598	-0.2384,-2.10976	-0.25881,-2.1349397	-0.27714,-2.1628	-0.29338,-2.19335	-0.30754,-2.22657	-0.31961,-2.2624803	-0.32959,-2.3010697	-0.33749,-2.3423498	-0.34330004,-2.3863	0.34330004,-2.3863	0.33749,-2.3423498	0.32959,-2.3010697	0.31961,-2.2624803	0.30754,-2.22657	0.29338,-2.19335	0.27714,-2.1628	0.25881,-2.1349397	0.2384,-2.10976	0.21589999,-2.0872598	0.19132,-2.0674403	0.16465,-2.05031	0.13589,-2.0358498	0.10505,-2.02408	0.07212,-2.0149903	0.0371,-2.0085802	0,-2.0048597
@SHAPE	Piece_RB5	1	1	1	7	0.3166,-2.36723	0.33832,-2.3700898	0.35856,-2.3784702	0.37594,-2.3918097	0.38927,-2.40919	0.39765003,-2.42943	0.40051,-2.45115	0.40051,-2.4549603	0.39765003,-2.4766803	0.38927,-2.4969199	0.37594,-2.5143	0.35856,-2.52764	0.33832,-2.53602	0.3166,-2.5388803	-0.3166,-2.5388803	-0.33832,-2.53602	-0.35856,-2.52764	-0.37594,-2.5143	-0.38927,-2.4969199	-0.39765003,-2.4766803	-0.40051,-2.4549603	-0.40051,-2.45115	-0.39765003,-2.42943	-0.38927,-2.40919	-0.37594,-2.3918097	-0.35856,-2.3784702	-0.33832,-2.3700898	-0.3166,-2.36723
@SHAPE	Piece_CB6	1	1	1	7	0.09917,-2.6342404	0.0958,-2.65991	0.08589,-2.6838303	0.07013,-2.70437	0.04959,-2.72013	0.02567,-2.73004	0,-2.73341	-0.02567,-2.73004	-0.04959,-2.72013	-0.07013,-2.70437	-0.08589,-2.6838303	-0.0958,-2.65991	-0.09917,-2.6342404	-0.0958,-2.60857	-0.08589,-2.5846503	-0.07013,-2.56411	-0.04959,-2.54835	-0.02567,-2.53844	0,-2.5350604	0.02567,-2.53844	0.04959,-2.54835	0.07013,-2.56411	0.08589,-2.5846503	0.0958,-2.60857
@SHAPE	Piece_H7	0	0	3	7	-0.19072,-2.1765103	-0.18804,-2.16252	-0.18476,-2.1491501	-0.18089,-2.1364098	-0.17642,-2.1242998	-0.17134999,-2.1128101	-0.16569,-2.1019502	-0.15943,-2.09171	-0.15258001,-2.0820997	-0.14513,-2.07312	-0.13708,-2.0647602	-0.12844,-2.05703	-0.1192,-2.0499203	-0.10937,-2.04344	-0.09894,-2.03758	-0.08791,-2.0323498	-0.076290004,-2.02775
@ITEM	NECK	펜던트
@SHAPE	Chain	0	0	0	7	-0.78,-1.2019315	-0.39,-1.4419312	0,-1.5219314	0.39,-1.4419312	0.78,-1.2019315
@SHAPE	Pendant	1	1	1	7	0,-1.5219314	0.3,-2.1619315	0,-2.8019314	-0.3,-2.1619315
@ITEM	NECK	반다나
@SHAPE	BandanaWrap	1	1	0	7	-0.84,-1.2019309	0,-1.3219411	0.84,-1.2019309	0.84,-1.6419313	0,-1.8419108	-0.84,-1.6419313
@SHAPE	BandanaTail	1	1	1	7	-0.24,-1.7219311	0.52,-1.7219311	0.22,-2.8537495
@ITEM	BACK	짧은망토
@SHAPE	Piece_STB	1	1	0	-1	-0.5,-1.14286	-0.57757,-1.4087601	-0.64955,-1.6707599	-0.71596,-1.9288502	-0.77679,-2.1830397	-0.83203,-2.4333098	-0.8817,-2.67969	-0.92578,-2.9221501	-0.96429,-3.1607096	-0.99721,-3.39537	-1.02455,-3.62612	-1.04632,-3.85296	-1.0625,-4.07589	-1.0731,-4.29492	-1.07812,-4.51004	-1.07757,-4.72126	-1.07143,-4.92857	-0.9375,-4.96624	-0.80357,-4.99888	-0.66964006,-5.02651	-0.53571,-5.04911	-0.40179,-5.06669	-0.26786,-5.07924	-0.13393,-5.08677	0,-5.08929	0.13393,-5.08677	0.26786,-5.07924	0.40179,-5.06669	0.53571,-5.04911	0.66964006,-5.02651	0.80357,-4.99888	0.9375,-4.96624	1.07143,-4.92857	1.07757,-4.72126	1.07812,-4.51004	1.0731,-4.29492	1.0625,-4.07589	1.04632,-3.85296	1.02455,-3.62612	0.99721,-3.39537	0.96429,-3.1607096	0.92578,-2.9221501	0.8817,-2.67969	0.83203,-2.4333098	0.77679,-2.1830397	0.71596,-1.9288502	0.64955,-1.6707599	0.57757,-1.4087601	0.5,-1.14286
@SHAPE	Piece_STC	1	1	1	3	-0.92857,-0.9285699	-0.8125,-0.9955401	-0.69643,-1.05357	-0.58036,-1.10268	-0.46428996,-1.14286	-0.34821,-1.1741102	-0.23214,-1.19643	-0.11607,-1.2098199	0,-1.2142903	0.11607,-1.2098199	0.23214,-1.19643	0.34821,-1.1741102	0.46428996,-1.14286	0.58036,-1.10268	0.69643,-1.05357	0.8125,-0.9955401	0.92857,-0.9285699	1,-1.2142903	0.875,-1.2812501	0.74999994,-1.3392898	0.625,-1.38839	0.5,-1.42857	0.37499997,-1.4598202	0.25,-1.48214	0.125,-1.4955401	0,-1.4999996	-0.125,-1.4955401	-0.25,-1.48214	-0.37499997,-1.4598202	-0.5,-1.42857	-0.625,-1.38839	-0.74999994,-1.3392898	-0.875,-1.2812501	-1,-1.2142903
@SHAPE	Piece_STK	1	1	0	3	0.16429,-1.3928598	0.15869,-1.4353801	0.14228,-1.4749999	0.11617,-1.50902	0.08214,-1.5351301	0.04252,-1.5515404	0,-1.5571399	-0.04252,-1.5515404	-0.08214,-1.5351301	-0.11617,-1.50902	-0.14228,-1.4749999	-0.15869,-1.4353801	-0.16429,-1.3928598	-0.15869,-1.35034	-0.14228,-1.31071	-0.11617,-1.2766904	-0.08214,-1.2505802	-0.04252,-1.23417	0,-1.2285699	0.04252,-1.23417	0.08214,-1.2505802	0.11617,-1.2766904	0.14228,-1.31071	0.15869,-1.35034
@ITEM	BACK	긴망토
@SHAPE	Piece_STB	1	1	0	-1	-0.5,-1.14286	-0.59842,-1.6759298	-0.69612,-2.20118	-0.79237,-2.71859	-0.8865,-3.2281702	-0.97783,-3.72992	-1.06569,-4.22384	-1.14946,-4.70993	-1.2285,-5.18819	-1.30222,-5.65861	-1.3700302,-6.12121	-1.43136,-6.57597	-1.48566,-7.02291	-1.5324,-7.46201	-1.57107,-7.89328	-1.6011599,-8.31672	-1.6222,-8.73233	-1.42422,-8.80784	-1.22432,-8.87329	-1.02278,-8.92866	-0.81987,-8.97397	-0.61586,-9.00921	-0.41103,-9.03438	-0.20565,-9.04949	0,-9.05452	0.20565,-9.04949	0.41103,-9.03438	0.61586,-9.00921	0.81987,-8.97397	1.02278,-8.92866	1.22432,-8.87329	1.42422,-8.80784	1.6222,-8.73233	1.6011599,-8.31672	1.57107,-7.89328	1.5324,-7.46201	1.48566,-7.02291	1.43136,-6.57597	1.3700302,-6.12121	1.30222,-5.65861	1.2285,-5.18819	1.14946,-4.70993	1.06569,-4.22384	0.97783,-3.72992	0.8865,-3.2281702	0.79237,-2.71859	0.69612,-2.20118	0.59842,-1.6759298	0.5,-1.14286
@SHAPE	Piece_STC	1	1	1	3	-0.92857,-0.9285699	-0.8125,-0.9955401	-0.69643,-1.05357	-0.58036,-1.10268	-0.46428996,-1.14286	-0.34821,-1.1741102	-0.23214,-1.19643	-0.11607,-1.2098199	0,-1.2142903	0.11607,-1.2098199	0.23214,-1.19643	0.34821,-1.1741102	0.46428996,-1.14286	0.58036,-1.10268	0.69643,-1.05357	0.8125,-0.9955401	0.92857,-0.9285699	1,-1.2142903	0.875,-1.2812501	0.74999994,-1.3392898	0.625,-1.38839	0.5,-1.42857	0.37499997,-1.4598202	0.25,-1.48214	0.125,-1.4955401	0,-1.4999996	-0.125,-1.4955401	-0.25,-1.48214	-0.37499997,-1.4598202	-0.5,-1.42857	-0.625,-1.38839	-0.74999994,-1.3392898	-0.875,-1.2812501	-1,-1.2142903
@SHAPE	Piece_STK	1	1	0	3	0.16429,-1.3928598	0.15869,-1.4353801	0.14228,-1.4749999	0.11617,-1.50902	0.08214,-1.5351301	0.04252,-1.5515404	0,-1.5571399	-0.04252,-1.5515404	-0.08214,-1.5351301	-0.11617,-1.50902	-0.14228,-1.4749999	-0.15869,-1.4353801	-0.16429,-1.3928598	-0.15869,-1.35034	-0.14228,-1.31071	-0.11617,-1.2766904	-0.08214,-1.2505802	-0.04252,-1.23417	0,-1.2285699	0.04252,-1.23417	0.08214,-1.2505802	0.11617,-1.2766904	0.14228,-1.31071	0.15869,-1.35034
@ITEM	BACK	날개
@SHAPE	Piece_B0	1	1	0	-1	-0.06216,-1.1204801	-0.16949,-1.1309202	-0.2739,-1.1467001	-0.37539,-1.16783	-0.47398,-1.1942999	-0.56965,-1.2261001	-0.6624,-1.2632598	-0.75224,-1.3057503	-0.83917,-1.3535804	-0.92319,-1.4067601	-1.00429,-1.4652799	-1.08247,-1.5291399	-1.15775,-1.5983398	-1.23011,-1.67289	-1.29955,-1.75277	-1.36608,-1.8380003	-1.4297,-1.92857	-1.36875,-1.9297904	-1.31024,-1.93343	-1.25415,-1.9395	-1.20048,-1.9480001	-1.14925,-1.9589196	-1.10044,-1.9722798	-1.05407,-1.9880599	-1.01012,-2.0062697	-0.96859,-2.02691	-0.9295,-2.04998	-0.8928401,-2.0754797	-0.8586,-2.1034002	-0.82679,-2.13375	-0.7974101,-2.1665301	-0.77046,-2.2017403	-0.74592996,-2.2393801	-0.79984,-2.24836	-0.85277,-2.2597697	-0.90473,-2.2736106	-0.95572,-2.2898805	-1.00574,-2.30858	-1.05479,-2.3297002	-1.10287,-2.3532596	-1.14998,-2.3792398	-1.19611,-2.40765	-1.24128,-2.43849	-1.2854699,-2.47175	-1.32869,-2.5074503	-1.37094,-2.5455704	-1.41222,-2.58612	-1.45253,-2.6291003	-1.4918599,-2.6745	-1.42315,-2.66819	-1.35686,-2.66479	-1.2930001,-2.6643	-1.23156,-2.6667302	-1.17256,-2.6720698	-1.11598,-2.6803298	-1.06184,-2.6914997	-1.01012,-2.70558	-0.96082,-2.7225797	-0.9139599,-2.7424898	-0.86952,-2.76532	-0.82752,-2.7910504	-0.78794,-2.81971	-0.75079,-2.85127	-0.71606,-2.8857503	-0.68377,-2.92315	-0.64516,-2.87701	-0.60704,-2.8318503	-0.5694,-2.78766	-0.53225,-2.7444298	-0.49559,-2.70218	-0.45941,-2.6609097	-0.42371,-2.6206	-0.38851,-2.58126	-0.35378003,-2.5429	-0.31955,-2.5054996	-0.28579,-2.4690802	-0.25253,-2.43363	-0.21975,-2.39915	-0.18745,-2.3656402	-0.15565002,-2.3331003	-0.12432,-2.3015401
@SHAPE	Piece_B1	1	1	0	-1	0.06216,-1.1204801	0.16949,-1.1309202	0.2739,-1.1467001	0.37539,-1.16783	0.47398,-1.1942999	0.56965,-1.2261001	0.6624,-1.2632598	0.75224,-1.3057503	0.83917,-1.3535804	0.92319,-1.4067601	1.00429,-1.4652799	1.08247,-1.5291399	1.15775,-1.5983398	1.23011,-1.67289	1.29955,-1.75277	1.36608,-1.8380003	1.4297,-1.92857	1.36875,-1.9297904	1.31024,-1.93343	1.25415,-1.9395	1.20048,-1.9480001	1.14925,-1.9589196	1.10044,-1.9722798	1.05407,-1.9880599	1.01012,-2.0062697	0.96859,-2.02691	0.9295,-2.04998	0.8928401,-2.0754797	0.8586,-2.1034002	0.82679,-2.13375	0.7974101,-2.1665301	0.77046,-2.2017403	0.74592996,-2.2393801	0.79984,-2.24836	0.85277,-2.2597697	0.90473,-2.2736106	0.95572,-2.2898805	1.00574,-2.30858	1.05479,-2.3297002	1.10287,-2.3532596	1.14998,-2.3792398	1.19611,-2.40765	1.24128,-2.43849	1.2854699,-2.47175	1.32869,-2.5074503	1.37094,-2.5455704	1.41222,-2.58612	1.45253,-2.6291003	1.4918599,-2.6745	1.42315,-2.66819	1.35686,-2.66479	1.2930001,-2.6643	1.23156,-2.6667302	1.17256,-2.6720698	1.11598,-2.6803298	1.06184,-2.6914997	1.01012,-2.70558	0.96082,-2.7225797	0.9139599,-2.7424898	0.86952,-2.76532	0.82752,-2.7910504	0.78794,-2.81971	0.75079,-2.85127	0.71606,-2.8857503	0.68377,-2.92315	0.64516,-2.87701	0.60704,-2.8318503	0.5694,-2.78766	0.53225,-2.7444298	0.49559,-2.70218	0.45941,-2.6609097	0.42371,-2.6206	0.38851,-2.58126	0.35378003,-2.5429	0.31955,-2.5054996	0.28579,-2.4690802	0.25253,-2.43363	0.21975,-2.39915	0.18745,-2.3656402	0.15565002,-2.3331003	0.12432,-2.3015401
@SHAPE	Piece_S2	0	0	4	-1	-0.12432,-1.5556097	-0.17046,-1.5716298	-0.21562,-1.5886302	-0.25981,-1.6065998	-0.30303,-1.62554	-0.34528,-1.6454501	-0.38656,-1.6663302	-0.42687,-1.6881802	-0.46620998,-1.7110099	-0.50457,-1.7347997	-0.54197,-1.7595704	-0.57839,-1.7853098	-0.61384,-1.8120202	-0.64832,-1.8397001	-0.68183,-1.8683499	-0.71437,-1.8979799	-0.74592996,-1.92857
@SHAPE	Piece_S3	0	0	4	-1	0.12432,-1.5556097	0.17046,-1.5716298	0.21562,-1.5886302	0.25981,-1.6065998	0.30303,-1.62554	0.34528,-1.6454501	0.38656,-1.6663302	0.42687,-1.6881802	0.46620998,-1.7110099	0.50457,-1.7347997	0.54197,-1.7595704	0.57839,-1.7853098	0.61384,-1.8120202	0.64832,-1.8397001	0.68183,-1.8683499	0.71437,-1.8979799	0.74592996,-1.92857
@SHAPE	Piece_RB4	1	1	1	-1	0,-1.1826402	0.02574,-1.18603	0.049730003,-1.1959602	0.07033,-1.21177	0.08613,-1.2323699	0.09607,-1.2563603	0.099460006,-1.2821002	0.099460006,-3.07233	0.09607,-3.0980697	0.08613,-3.1220598	0.07033,-3.14266	0.049730003,-3.1584697	0.02574,-3.1683998	0,-3.1717896	0,-3.1717896	-0.02574,-3.1683998	-0.049730003,-3.1584697	-0.07033,-3.14266	-0.08613,-3.1220598	-0.09607,-3.0980697	-0.099460006,-3.07233	-0.099460006,-1.2821002	-0.09607,-1.2563603	-0.08613,-1.2323699	-0.07033,-1.21177	-0.049730003,-1.1959602	-0.02574,-1.18603	0,-1.1826402
@SHAPE	Piece_H5	0	0	3	-1	-1.1189,-1.86641	-1.08369,-1.8358198	-1.04799,-1.8061898	-1.01181,-1.77754	-0.97515,-1.7498602	-0.93799996,-1.7231497	-0.90036,-1.6974102	-0.86223996,-1.6726396	-0.82363,-1.6488498	-0.78454,-1.6260202	-0.74496,-1.6041702	-0.7049,-1.5832901	-0.66435,-1.56338	-0.62331,-1.5444398	-0.58179,-1.5264701	-0.53978,-1.5094703	-0.49729,-1.4934399
@ITEM	BACK	배낭
@SHAPE	Piece_S0	0	0	0	-1	-0.62161,-1.80425	-0.61918,-1.7139202	-0.6119,-1.6294198	-0.59976,-1.5507503	-0.58276,-1.4778999	-0.56091,-1.4108902	-0.5342,-1.3497001	-0.50263,-1.2943398	-0.46620998,-1.2447996	-0.42493,-1.20109	-0.37879,-1.1632102	-0.3278,-1.1311601	-0.27195,-1.10494	-0.21125,-1.0845401	-0.14569,-1.06997	-0.07527,-1.0612298	0,-1.05832	0.07527,-1.0612298	0.14569,-1.06997	0.21125,-1.0845401	0.27195,-1.10494	0.3278,-1.1311601	0.37879,-1.1632102	0.42493,-1.20109	0.46620998,-1.2447996	0.50263,-1.2943398	0.5342,-1.3497001	0.56091,-1.4108902	0.58276,-1.4778999	0.59976,-1.5507503	0.6119,-1.6294198	0.61918,-1.7139202	0.62161,-1.80425
@SHAPE	Piece_B1	1	1	0	-1	-0.93241,-1.6177697	0.93241,-1.6177697	0.97005,-1.6192198	1.00526,-1.6235899	1.03804,-1.6308801	1.06839,-1.64108	1.09632,-1.6541898	1.12181,-1.6702197	1.14488,-1.6891501	1.16552,-1.7110099	1.18373,-1.7357799	1.19951,-1.7634598	1.21287,-1.79405	1.2237902,-1.8275597	1.23229,-1.8639803	1.23836,-1.90332	1.242,-1.9455699	1.24322,-1.9907302	1.24322,-3.42043	1.24176,-3.4656	1.23739,-3.50785	1.23011,-3.5471797	1.21991,-3.58361	1.2068,-3.6171198	1.19077,-3.64771	1.17183,-3.6753905	1.14998,-3.70016	1.12521,-3.72201	1.09753,-3.74095	1.06693,-3.75698	1.03343,-3.7700903	0.997,-3.7802901	0.95767,-3.7875702	0.91542,-3.7919402	0.87025,-3.7934	-0.87025,-3.7934	-0.91542,-3.7919402	-0.95767,-3.7875702	-0.997,-3.7802901	-1.03343,-3.7700903	-1.06693,-3.75698	-1.09753,-3.74095	-1.12521,-3.72201	-1.14998,-3.70016	-1.17183,-3.6753905	-1.19077,-3.64771	-1.2068,-3.6171198	-1.21991,-3.58361	-1.23011,-3.5471797	-1.23739,-3.50785	-1.24176,-3.4656	-1.24322,-3.42043	-1.24322,-1.9907302	-1.242,-1.9455699	-1.23836,-1.90332	-1.23229,-1.8639803	-1.2237902,-1.8275597	-1.21287,-1.79405	-1.19951,-1.7634598	-1.18373,-1.7357799	-1.16552,-1.7110099	-1.14488,-1.6891501	-1.12181,-1.6702197	-1.09632,-1.6541898	-1.06839,-1.64108	-1.03804,-1.6308801	-1.00526,-1.6235899	-0.97005,-1.6192198	-0.93241,-1.6177697
@SHAPE	Piece_STRAP_L	0	0	1	3	-0.42,-1.2181802	-0.42,-3.01818	-0.95,-3.2681801
@SHAPE	Piece_STRAP_R	0	0	1	3	0.42,-1.2181802	0.42,-3.01818	0.95,-3.2681801
@ITEM	BACK	판초
@SHAPE	CapeOutline	1	1	0	-1	0.4,-1.2181818	-0.62,-1.1781818	-1.95,-4.6249547	-1.209,-5.2215457	-0.273,-5.0595455	0.85249996,-5.2155457	1.55,-4.783409
@SHAPE	CapeFold	0	0	2	-1	-0.217,-1.3181816	-0.819,-4.387273
@SHAPE	CapeFold2	0	0	2	-1	-0.44640002,-1.3181816	-1.2519001,-4.387273
@SHAPE	CapeYoke	1	1	1	-1	0.4,-1.2181818	-0.62,-1.1781818	-1.5615184,-3.618182	1.174144,-3.618182
@ITEM	BACK	요정날개
@SHAPE	WingSpine	0	0	1	-1	0,-1.1981817	0,-2.8272727
@SHAPE	WingFeatherA	1	1	0	-1	-0.44,-1.718182	-1.02,-1.8381817	-1.3932,-1.1981817	-1.6200001,-0.43818194	-0.8424,-0.59818137	-0,-1.1981817
@SHAPE	WingFeatherB	1	1	0	-1	0,-1.1981817	0.8424,-0.59818137	1.6200001,-0.43818194	1.3932,-1.1981817	1.02,-1.8381817	0.44,-1.718182
@ITEM	HAIR	삐친머리
@SHAPE	HairMass	1	1	0	6	1.2729881,0.13379617	1.5530272,0.6914518	0.9351417,0.9030559	0.71585643,1.6078396	-5.7699033E-08,1.3200002	-0.7239911,1.6261111	-0.9958141,0.8966348	-1.6162714,0.5882751	-1.2968333,-0.090683594	-1.425131,-0.6345088	-1.3,-1.0999999	-0.78,-0.7599999	-0.5575318,-0.15986942	-0.57988465,0.0115687195	-0.55071217,0.1819784	-0.4726065,0.33621895	-0.3525077,0.4605846	-0.20108703,0.54402566	-0.031798862,0.57912743	0.1403147,0.5627719	0.86,0.040000137	1.12,-0.72000027
@SHAPE	HairCrest	1	1	1	6	-0.78763217,1.0840828	-1.9306264,1.5083703	-1.1324805,0.5523476
@ITEM	HAIR	단정한머리
@SHAPE	HairMass	1	1	0	6	1.5559963,0.27436453	1.416041,0.7008759	1.1617882,1.070817	0.81376016,1.3543248	0.40004843,1.5285156	-0.04595379,1.5793313	-0.48824677,1.5026689	-0.8911301,1.3047175	-1.2220851,1.0014534	-1.4543977,0.61735564	-1.5693166,0.18342733	-1.557566,-0.2653073	-1.4200947,-0.6926266	-1.46,-0.91999984	-1.1,-2.1199996	-0.62,-1.26	-0.5516128,-0.17923008	-0.5799351,-0.008676269	-0.5567276,0.16264807	-0.4840524,0.3195199	-0.36836705,0.4480015	-0.21995077,0.536677	-0.051990774,0.57766545	0.12058876,0.5673257	0.8,0.10000034	1.06,-0.61999995	1.28,-1.3000001
@SHAPE	HairPart	1	1	1	6	-0.27,1.5700004	0.29,1.5399998	0.57,0.5900004	0.01,0.64
@ITEM	HAIR	곱슬머리
@SHAPE	HairMass	1	1	0	6	1.6042342,0.22546053	1.4721768,0.6760879	1.2164257,1.069911	0.8584692,1.3738383	0.4283832,1.5623342	-0.03769563,1.6195612	-0.50060743,1.5407118	-0.92145777,1.3324099	-1.2648866,1.0121573	-1.5020378,0.6068631	-1.6129867,0.15057868	-1.5884107,-0.31835708	-1.4303751,-0.7605439	-1.9,-0.50000006	-1.36,-0.93999994	-1.82,-1.42	-1.18,-1.7399999	-0.86,-0.9800001	-0.5450217,-0.19837184	-0.57964665,-0.020241737	-0.5575318,0.15986942	-0.48084173,0.32433164	-0.35708362,0.45704624	-0.19837166,0.54502165	-0.020241687,0.5796465	0.15986969,0.5575321	0.84,0.15999946	1.44,-0.29999992	1.06,-0.8600002	1.54,-1.3400002
@SHAPE	HairCoil	1	1	1	6	1.54,-1.3400002	1.94,-1.6800003	1.4999999,-2.1000001	1,-1.8000002	1.2,-1.5399998
@ITEM	HAIR	민머리
@SHAPE	HairRimBack	1	1	0	6	-0.6000001,1.0392308	-0.8118107,0.88372123	-0.9846954,0.68583924	-1.1103654,0.4550706	-1.1827937,0.2024824	-1.1985084,-0.059814885	-1.1567554,-0.31924412	-1.0595372,-0.56336576	-0.5121096,-0.27229354	-0.5590984,-0.15430126	-0.579279,-0.02891042	-0.5716836,0.09786649	-0.53667647,0.2199509	-0.47593608,0.33148852	-0.3923751,0.4271323	-0.29000002,0.50229484
@SHAPE	HairRimFront	1	1	1	6	1.0595372,-0.56336576	1.1617773,-0.30045617	1.1998173,-0.020942904	1.1715553,0.25972778	1.078553,0.5260457	0.52130055,0.254255	0.5662517,0.12553497	0.57991165,-0.010121953	0.5615256,-0.14522076	0.5121096,-0.27229354
@ITEM	HAIR	바가지머리
@SHAPE	HairMass	1	1	0	6	1.3122119,-0.95	1.5414338,-0.49837935	1.6199988,0.0019517812	1.5402284,0.5020922	1.3099189,0.9531596	0.95158046,1.3110659	0.5002363,1.540832	-7.081245E-08,1.6200001	-0.50023663,1.540832	-0.9515801,1.311067	-1.3099189,0.9531596	-1.5402282,0.50209326	-1.6199988,0.0019517812	-1.5414338,-0.49837935	-1.312212,-0.95	-0.8,-0.95	-0.8,0.4600005	-0.4,0.4600005	0,0.4600005	0.40000004,0.4600005	0.8,0.4600005	0.8,-0.95
@SHAPE	HairFringe	1	1	1	6	-0.8,0.4600005	-0.4,0.4600005	0,0.4600005	0.40000004,0.4600005	0.8,0.4600005	0.8,0.91999984	0.40000004,0.91999984	0,0.91999984	-0.4,0.91999984	-0.8,0.91999984
@ITEM	HAIR	포니테일
@SHAPE	HairMass	1	1	0	6	1.5259103,0.32434246	1.3816357,0.72435033	1.1347028,1.0705373	0.80345935,1.3371814	0.41251713,1.50447	-0.009075553,1.5599738	-0.42999426,1.4995683	-0.8189634,1.3277422	-1.1470822,1.0572618	-1.3899701,0.70822567	-1.5295807,0.3065662	-1.5555404,-0.11787198	-1.4659204,-0.5335515	-1.34,-0.84000015	-0.82,-0.61999995	-0.5627715,-0.14031476	-0.579279,0.02891042	-0.5460041,0.19565171	-0.46580654,0.34557799	-0.34557813,0.46580598	-0.19565138,0.54600453	-0.028910574,0.5792791	0.1403147,0.5627719	0.82,0.060000204	1.1,-0.72000027
@SHAPE	HairTail	1	1	1	6	-1.1311643,0.45702025	-1.86,0.61999995	-2.42,-0.10000034	-1.84,-0.34000006	-1.3,-0.45999992	-1.0189373,-0.29217547
@COVER	0	0.44819984
@COVER	1	0.32820052
@COVER	2	0.4121997
@COVER	3	inf
@COVER	4	0.36019954
@COVER	5	0.41619974
@W	0.34386417
@RARITY	HEAD	0	equip.head.cap	Lv1	일반
@RARITY	HEAD	1	equip.head.fur	Lv5	일반
@RARITY	HEAD	2	equip.head.fedora	Lv9	희귀
@RARITY	HEAD	3	equip.head.crown	Lv20	희귀
@RARITY	HEAD	4	equip.head.beret	Lv23	영웅
@RARITY	HEAD	5	equip.head.straw	Lv26	전설
@RARITY	HEAD	6	equip.head.patchedhood	Lv1	희귀
@RARITY	HEAD	7	equip.head.minerhelmet	Lv1	희귀
@RARITY	HEAD	8	equip.head.wizardhat	Lv1	희귀
@RARITY	EYES	0	equip.eyes.sunglasses	Lv1	일반
@RARITY	EYES	1	equip.eyes.round	Lv6	일반
@RARITY	EYES	2	equip.eyes.goggles	Lv11	희귀
@RARITY	EYES	3	equip.eyes.monocle	Lv15	희귀
@RARITY	EYES	4	equip.eyes.browline	Lv19	영웅
@RARITY	EYES	5	equip.eyes.patch	Lv23	전설
@RARITY	EYES	6	equip.eyes.slitvisor	Lv1	희귀
@RARITY	EYES	7	equip.eyes.dustgoggles	Lv1	희귀
@RARITY	EYES	8	equip.eyes.astrolens	Lv1	희귀
@RARITY	NECK	0	equip.neck.bowtie	Lv1	일반
@RARITY	NECK	1	equip.neck.striped	Lv8	일반
@RARITY	NECK	2	equip.neck.scarf	Lv12	희귀
@RARITY	NECK	3	equip.neck.bell	Lv18	희귀
@RARITY	NECK	4	equip.neck.pendant	Lv21	영웅
@RARITY	NECK	5	equip.neck.bandana	Lv25	전설
@RARITY	NECK	6	equip.neck.cablecollar	Lv1	희귀
@RARITY	NECK	7	equip.neck.minelamp	Lv1	희귀
@RARITY	NECK	8	equip.neck.moonclasp	Lv1	희귀
@RARITY	BACK	0	equip.shoulders.cape	Lv1	일반
@RARITY	BACK	1	equip.shoulders.long_cape	Lv13	일반
@RARITY	BACK	2	equip.shoulders.wings	Lv17	희귀
@RARITY	BACK	3	equip.shoulders.backpack	Lv22	희귀
@RARITY	BACK	4	equip.shoulders.poncho	Lv25	영웅
@RARITY	BACK	5	equip.shoulders.fairy_wings	Lv28	전설
@RARITY	BACK	6	equip.shoulders.tarpcape	Lv1	희귀
@RARITY	BACK	7	equip.shoulders.pickharness	Lv1	희귀
@RARITY	BACK	8	equip.shoulders.moonrobe	Lv1	희귀
@RARITY	HAIR	0	look.hair.cowlick	Lv1	일반
@RARITY	HAIR	1	look.hair.neat	Lv5	일반
@RARITY	HAIR	2	look.hair.curly	Lv9	희귀
@RARITY	HAIR	3	look.hair.bald	Lv14	희귀
@RARITY	HAIR	4	look.hair.bowl	Lv18	영웅
@RARITY	HAIR	5	look.hair.ponytail	Lv22	전설
@RARITY	FX	0	look.fx.none	Lv1	일반
@RARITY	FX	1	look.fx.footprint	Lv6	일반
@RARITY	FX	2	look.fx.sparkle	Lv12	희귀
@RARITY	FX	3	look.fx.dust	Lv16	희귀
@RARITY	FX	4	look.fx.bubble	Lv20	영웅
@RARITY	FX	5	look.fx.leaf	Lv24	전설
@RARITY	PET	0	look.pet.ball	Lv1	일반
@RARITY	PET	1	look.pet.plane	Lv13	일반
@RARITY	PET	2	look.pet.mini	Lv19	희귀
@RARITY	PET	3	look.pet.cursor	Lv24	희귀
@RARITY	PET	4	look.pet.balloon	Lv27	영웅
@RARITY	PET	5	look.pet.snail	Lv30	전설
@LOG	0	0
@CLIP	야구모자	삐친머리	1	0.448
@CLIP	야구모자	단정한머리	1	0.448
@CLIP	야구모자	곱슬머리	2	0.448
@CLIP	야구모자	민머리	2	0.448
@CLIP	야구모자	바가지머리	1	0.448
@CLIP	야구모자	포니테일	2	0.448
@CLIP	털모자	삐친머리	1	0.328
@CLIP	털모자	단정한머리	1	0.328
@CLIP	털모자	곱슬머리	2	0.328
@CLIP	털모자	민머리	2	0.328
@CLIP	털모자	바가지머리	1	0.328
@CLIP	털모자	포니테일	2	0.328
@CLIP	중절모	삐친머리	1	0.412
@CLIP	중절모	단정한머리	1	0.412
@CLIP	중절모	곱슬머리	2	0.412
@CLIP	중절모	민머리	2	0.412
@CLIP	중절모	바가지머리	1	0.412
@CLIP	중절모	포니테일	2	0.412
@CLIP	왕관	삐친머리	2	1.626
@CLIP	왕관	단정한머리	2	1.579
@CLIP	왕관	곱슬머리	2	1.620
@CLIP	왕관	민머리	2	1.039
@CLIP	왕관	바가지머리	2	1.620
@CLIP	왕관	포니테일	2	1.560
@CLIP	베레모	삐친머리	1	0.360
@CLIP	베레모	단정한머리	1	0.360
@CLIP	베레모	곱슬머리	2	0.360
@CLIP	베레모	민머리	2	0.360
@CLIP	베레모	바가지머리	1	0.360
@CLIP	베레모	포니테일	2	0.360
@CLIP	밀짚모자	삐친머리	1	0.416
@CLIP	밀짚모자	단정한머리	1	0.416
@CLIP	밀짚모자	곱슬머리	2	0.416
@CLIP	밀짚모자	민머리	2	0.416
@CLIP	밀짚모자	바가지머리	1	0.416
@CLIP	밀짚모자	포니테일	2	0.416
